id,name,datetime,department_id,job_id
1,Harold Vogt,2021-11-07T02:48:42Z,2,96
3,Lyman Hadye,2021-09-01T23:27:38Z,5,52
4,Gretna Lording,2021-10-01T13:04:21Z,12,71
5,Lotti Crowthe,2021-10-10T22:22:17Z,6,80
6,Marlow Antecki,2021-04-23T23:45:42Z,6,95
7,Joan Rillett,2021-10-10T01:33:31Z,9,78
8,Ulrick Nucciotti ,2021-07-24T01:28:40Z,8,169
9,Lucretia Northco,2021-04-01T21:22:47Z,9,8
10,Arty Giacobo,2022-02-08T12:27:07Z,6,62
11,Libbi Dowtry,2021-07-05T04:55:10Z,6,41
14,Melonie Slocomb,2021-12-30T23:08:59Z,12,121
15,Robers Swinden,2021-02-16T20:00:38Z,5,47
18,Gay Philbin,2021-12-24T13:40:11Z,6,102
19,Loralie Dundin,2021-10-19T20:10:46Z,8,68
22,Toddy Gare,2021-12-05T18:00:50Z,5,25
23,Jeremias Goudy,2021-10-01T08:16:32Z,7,36
26,Bartolomeo Feth,2021-02-07T09:03:49Z,5,65
27,Elvina Bycraft,2021-09-29T20:34:33Z,7,74
30,Geri Pennings,2022-02-16T21:08:33Z,4,33
31,Jerald Gilder,2022-01-15T02:33:31Z,4,74
34,Corena Heritege,2021-05-08T01:43:42Z,4,31
35,Malchy Pontain,2022-02-20T10:39:43Z,11,178
38,Louisa Binion,2021-02-11T14:29:26Z,8,54
39,Brook Tant,2021-09-27T12:50:01Z,10,113
42,Pail Syne,2021-09-14T03:08:04Z,7,26
43,Agneta Rae,2021-09-29T12:36:18Z,3,51
46,Philly Beecraft,2021-03-03T14:48:53Z,8,59
47,Jimmie Jack,2021-02-04T07:50:18Z,4,64
48,Lonee Hegden,2021-06-07T09:12:33Z,10,58
49,Annecorinne Ver,2021-05-08T23:05:13Z,9,140
52,Trudie Arboin,2021-10-12T02:10:35Z,6,76
53,Rebbecca Bazel,2021-11-14T21:00:10Z,9,115
56,Orelie Gauvin,2022-01-29T13:52:35Z,3,40
57,Meggie Dulwitch,2022-01-25T18:58:12Z,4,65
60,Washington Schl,2022-01-30T11:38:20Z,5,91
61,Artemus Feather,2021-02-26T22:38:18Z,4,128
64,Florella Haquin,2022-02-11T06:39:40Z,7,61
65,Saundra Franzin,2021-12-29T01:42:44Z,5,51
68,Perceval MacLic,2021-03-16T20:21:07Z,5,15
69,Sidoney Ciobuta,2021-03-08T09:28:55Z,7,123
76,Carver Kirman,2022-01-28T17:32:21Z,4,121
77,Fayette Prati,2021-07-29T08:29:27Z,7,78
80,Angelika Stock,2022-02-12T23:11:53Z,6,163
81,Caril Bewsey,2022-01-22T05:56:43Z,1,73
85,Dev Ingleson,2021-07-01T15:47:16Z,7,90
88,Rosabelle Sterza,2021-03-12T14:32:57Z,5,124
89,Rodrique Fearne,2021-12-01T13:30:50Z,4,57
92,Floria Peniello,2021-12-24T08:38:29Z,4,81
93,Belinda Savaage,2021-06-04T09:39:59Z,4,48
94,Zachariah Comb,2021-10-01T16:14:13Z,5,150
95,Lowell Woollin,2021-05-17T18:22:06Z,8,95
98,Colman Casale,2021-10-12T17:55:32Z,10,64
99,Marlo Tott,2021-05-18T00:45:21Z,8,29
102,Ogden Ough,2021-03-29T19:31:33Z,7,138
103,Cathy Blundin,2021-07-29T08:55:15Z,7,66
106,Jasper Matterda,2021-07-13T06:34:38Z,8,68
107,Welby Crocumbe,2021-09-04T16:39:58Z,4,107
110,Renee Bridie,2021-08-31T20:26:32Z,4,17
111,Zsazsa Pash,2021-08-01T03:27:48Z,5,26
114,Grady Conman,2021-04-27T09:27:22Z,3,63
115,Wilbert Cluer,2021-03-31T12:27:59Z,6,39
118,Blondell Pybus,2021-04-30T04:32:07Z,11,38
119,Lucky Hadkins,2021-11-24T18:37:55Z,7,71
122,Gnni Gudgin,2021-10-09T13:49:28Z,7,53
123,Alisha Headings,2022-01-30T20:44:35Z,9,89
126,Olly Tully,2021-09-01T18:16:34Z,7,62
127,Corinne Woofind,2021-12-31T09:40:30Z,12,123
130,Ferris Hammerb,2021-10-19T08:43:38Z,9,126
131,Angie McMurray,2021-10-23T18:14:59Z,7,149
134,Lacee O'Hingerty,2021-05-17T12:56:53Z,10,147
135,Foster Hobbing,2022-01-31T02:27:30Z,9,64
138,Conrad Stoad,2022-01-23T01:07:44Z,5,113
139,Celina Caris,2021-03-23T09:04:56Z,3,145
140,Putnam Dodd,2021-02-01T12:28:13Z,9,117
141,Marylin Bromma,2021-04-24T15:32:05Z,6,44